,num_precent,sample_num,feature_num,class_num,bin_multi,imbalance
count,166.0,166.0,166.0,166.0,166.0,166.0
mean,0.48062912830699595,13818.704819277109,35.59036144578313,4.156626506024097,0.45180722891566266,0.3466455136236524
std,0.45590735585510356,88845.86966899256,102.08499562020685,3.951162246228372,0.4991778563909489,0.8683842780922062
min,0.0,32.0,2.0,2.0,0.0,0.0
25%,0.0,274.0,8.0,2.0,0.0,0.0014632748399152201
50%,0.375234521575985,690.0,13.0,2.0,0.0,0.07765329090829068
75%,1.0,3180.25,29.0,5.0,1.0,0.29489688692041527
max,1.5,1025009.0,1000.0,26.0,1.0,8.406173403035153
